	target	clause	context	verb	embedding	factive	tense	genre
0	Первый и главный аргумент , по отношению к которому остальные два имеют лишь второстепенное значение , заключается в том , будто я не понял темы , ошибочно вообразив , что требуется установить принцип этики , тогда как на самом деле вопрос главным образом касался связи между метафизикой и этикой .	, ошибочно вообразив , что требуется установить принцип этики , тогда как на самом деле вопрос главным образом касался связи между метафизикой и этикой .	['Так как\nАкадемия опубликовала свой отзыв о моей работе, то\nя вправе подвергнуть его разбору и представить свои\nвозражения.', 'Отзыв помещен мною вслед за\nсоответствующим трактатом3, и читатель\nузнает из него, что Королевская Академия не нашла в\nмоей работе решительно никаких достоинств, а только\nодни недостатки и что недостатки эти сформулированы\nв трех различных пунктах, которые я теперь\nпоследовательно и рассмотрю.']	понял	negation	True	past	philosophy
1	Но так поймет и должен понять ее всякий , кто прочтет тему : это прямо напечатано там в ясных , недвусмысленных выражениях и не может быть толкуемо иначе , пока слова латинского языка сохраняют свой смысл .	ее всякий , кто прочтет тему : это прямо напечатано там в ясных , недвусмысленных выражениях и не может быть толкуемо иначе , пока слова латинского языка сохраняют свой смысл .	['Это и есть, бесспорно, то fundamentum\nphilosophiae moralis (основание моральной философии\n(лат.)), о котором спрашивает тема: ясно,\nстало быть, как день, что тема действительно\nпредлагает искать и выставить принцип этики\n(ut principium aliquod Ethicae conderetur), не\nв смысле просто высшего предписания, основного\nправила, а как реальную основу всякой\nморальности и потому познавательную основу морали.', 'А меж тем рецензия отрицает это, говоря,\nчто мой трактат не может быть премирован ввиду\nтакого моего понимания задачи.']	понять	modals	True		philosophy
2	Ибо пока не существует признанная объективной и неоспоримая метафизика , т.е.просто метафизика , мы не знаем даже , возможна ли вообще подобная метафизика , а также & # 151 ; какова она будет и может быть .	, возможна ли вообще подобная метафизика , а также & # 151 ; какова она будет и может быть .	['А\nтут еще присоединяется и то обстоятельство, что\nякобы поставленный, хотя нигде не выраженный вопрос\nо связи между метафизикой и моралью\nсовершенно не допускает ответа и,\nследовательно, если признать за Академией хоть\nкакое-нибудь понимание дела, был бы невозможен:\nна него не может быть ответа потому\nименно, что просто метафизики нет, а\nсуществуют лишь различные (притом в высшей степени\nразличные) метафизики,\nт.е.всякого рода попытки к\nметафизике, &#151; их очень много, именно столько,\nсколько когда-либо было философов, так что каждая\nиз них поет совершенно иную песню, и потому все они\nв корне расходятся и разногласят одна с другой.', 'Поэтому позволительно, конечно, спрашивать о связи\nмежду этикой и аристотелевской, эпикуровской,\nспинозовской, лейбницевской, локковской или иной\nкакой определенно указанной метафизикой; но никогда\nи ни в коем случае нельзя спрашивать о связи между\nэтикой и просто метафизикой, &#151; ибо\nвопрос этот был бы лишен всякого определенного\nсмысла, предполагая соотношение между вещью данной\nи вещью совершенно неопределенной, быть может\n&#151; даже невозможной.']	знаем	negation	True	pres	philosophy
3	Ибо , как истинная Академия , она не знает никаких иных интересов , кроме интересов истины , света , содействия человеческому пониманию и познанию .	никаких иных интересов , кроме интересов истины , света , содействия человеческому пониманию и познанию .	['Правда, это не помешало Королевской Норвежской\nАкадемии увенчать мою работу.', 'Зато и принадлежать к\nэтой Академии есть честь, значение которой я с\nкаждым днем начинаю яснее видеть и полнее ценить.']	знает	negation	True	pres	philosophy
4	я и взялся дать на них ответ . Ибо хотя мне давно уже стало ясно , что я слишком серьезно отношусь к философии , чтобы мог сделаться ее профессором , но я все-таки не думал , что тот же самый порок может повредить мне и в глазах какой-либо академии .	что я слишком серьезно отношусь к философии , чтобы мог сделаться ее профессором , но я все-таки не думал , что тот же самый порок может повредить мне и в глазах какой-либо академии .	['Опасения за последствия и есть, без\nсомнения, та причина, почему европейские академии\nобычно весьма остерегаются выставлять подобные\nтемы.', 'В самом деле, два разработанных здесь\nконкурсных вопроса &#151; первые в этом роде, с\nкоторыми, насколько я помню, пришлось мне\nвстретиться в жизни: поэтому-то, pour la rarete du\nfait (из-за редкости дела (фр.).)']	думал	negation	False	past	philosophy
5	имея своим ядром неведомо откуда взятую и вздорную выдумку , не знает ни снований , ни следствий , т.е.ничем не доказывается и сама ничего не доказывает и ничего не объясняет и к тому же , лишенная оригинальности , является простой пародией на схоластический реализм и одновременно на спинозизм , & # 151 ; чудовище , долженствующее притом же еще , с оборотной своей стороны , представлять собою христианство : Prosthe Icon , opithen de dracon , messe de chimaira ( Лев головою , задом дракон и коза серединой7 ( греч . ) ) .	ни снований , ни следствий , т.е.ничем не доказывается и сама ничего не доказывает и ничего не объясняет и к тому же , лишенная оригинальности , является простой пародией на схоластический реализм и одновременно на спинозизм , & # 151 ; чудовище , долженствующее притом же еще , с оборотной своей стороны , представлять собою христианство : Prosthe Icon , opithen de dracon , messe de chimaira ( Лев головою , задом дракон и коза серединой7 ( греч . ) ) .	['Стыд чтоб\nпотом на тебя за чужие не пал\nпрегрешенья6 (лат.).).', 'Итак, я буду прав, если с этой целью скажу, что\nтак называемая философия этого Гегеля &#151;\nколоссальная мистификация, которая и у наших\nпотомков будет служить неисчерпаемым материалом для\nнасмешек над нашим временем: что это &#151;\nпсевдофилософия, расслабляющая все умственные\nспособности, заглушающая всякое подлинное мышление\nи ставящая на его место помощью беззаконнейшего\nзлоупотребления словами пустейшую, бессмысленнейшую\nи потому, как показывают результаты,\nумопомрачительнейшую словесную чепуху; что она.']	знает	negation	True	pres	philosophy
6	& # 151 ; & # 171 ; Замечаете ли вы , & # 151 ; закричал шарлатан , & # 151 ; ту тонкость ума , какую он перед нами обнаруживает ?		['&#151;\nостановил, толкая его локтем, приятель, &#151; ты\nхочешь, чтобы тебя все подняли на смех?', 'Ты не\nдолжен называть его иначе, как орлом, хотя бы ты\nдумал совсем противное: ведь мы все так\nпоступаем&#187;.']	обнаруживает	question	True	pres	philosophy
7	Кто ее не уловит и не поймет , того должно признать лишенным всякой гениальности & # 187 ; .	, того должно признать лишенным всякой гениальности & # 187 ; .	['Ты не\nдолжен называть его иначе, как орлом, хотя бы ты\nдумал совсем противное: ведь мы все так\nпоступаем&#187;.', '&#151; &#171;Замечаете ли вы,\n&#151; закричал шарлатан, &#151; ту тонкость ума,\nкакую он перед нами обнаруживает?']	поймет	negation	True	futr	philosophy
8	Это удастся , если ты обнаружишь достаточную наглость : но если люди разгадают , в чем дело , они втопчут тебя в грязь , как ты того заслуживаешь2 ( нем. ) . ) .	достаточную наглость : но если люди разгадают , в чем дело , они втопчут тебя в грязь , как ты того заслуживаешь2 ( нем. ) . ) .	['Хорошее бранить?', 'Попробуй!']	обнаружишь	condition	True	futr	philosophy
9	Если же мы захотим принять таковое , мы с таким же удобством могли бы взять для этого первое , как и произвольно выбранное последнее , а в таком случае вопрос свелся бы просто-напросто к следующему : & # 171 ; Можешь ли ты хотеть ? & # 187 ; Но устанавливается ли свобода воли простым утвердительным ответом на этот вопрос & # 151 ; вот что желательно бы знать и что остается не решенным .	что желательно бы знать и что остается не решенным .	['Но теперь мы спрашиваем о свободе самого хотения,\nтак что вопрос этот должен принять такой вид:\n&#171;Можешь ли ты также хотеть того, что ты\nхочешь?&#187; &#151; выходит так, как будто бы\nданное хотение зависело еще и от какого-то другого,\nза ним скрывающегося хотения.', 'И положим, что на\nэтот вопрос дан утвердительный ответ, &#151; тогда\nтотчас возникает опять вопрос: &#171;можешь ли ты\nтакже хотеть, чего ты хочешь хотеть?&#187; &#151; и\nтаким образом пришлось бы подниматься все выше и\nвыше в бесконечность, причем одно хотение мы всегда\nмыслили бы в зависимости от другого, более раннего\nили глубже лежащего, тщетно стремясь таким путем\nдостигнуть наконец хотения, которое пришлось бы\nмыслить и признать уже за совершенно ни от чего не\nзависящее.']	знать	modals	True		philosophy
10	) , которое , однако , надо понимать более в фигуральном , нежели в прямом , смысле , ибо самосознание имеет непосредственный характер .	более в фигуральном , нежели в прямом , смысле , ибо самосознание имеет непосредственный характер .	['Яснее у\nАвгустина (&#171;О свободном произволении&#187;, 2,\n3).', 'Затем у Декарта (&#171;Начала философии&#187;,\n4, 190), а в совершенно законченной форме &#151; у\nЛокка.']	понимать	modals	True		philosophy
11	Но под этим , конечно , надо понимать не одни только окончательные , тотчас же в дело переходящие волевые акты и формальные решения вместе с вытекающими из них поступками ; кто только способен улавливать сущность , несмотря на различные видоизменения степени и рода , тот не замедлит отнести к проявлениям воли также всякое вожделение , стремление , желание , потребность , тоску , надежду , любовь , радость , ликование ит.п. , равно как нежелание или неохоту , всякое отвращение , уклонение , боязнь , гнев , ненависть , печаль , страдание , словом , все аффекты и страсти .	не одни только окончательные , тотчас же в дело переходящие волевые акты и формальные решения вместе с вытекающими из них поступками ; кто только способен улавливать сущность , несмотря на различные видоизменения степени и рода , тот не замедлит отнести к проявлениям воли также всякое вожделение , стремление , желание , потребность , тоску , надежду , любовь , радость , ликование ит.п. , равно как нежелание или неохоту , всякое отвращение , уклонение , боязнь , гнев , ненависть , печаль , страдание , словом , все аффекты и страсти .	['Ответ: непременно как\nнечто волящее.', 'Всякий при наблюдении\nсобственного самосознания скоро заметит, что\nпредметом последнего во всех случаях бывает\nсобственное хотение.']	понимать	modals	True		philosophy
12	А то природное , простое , даже наивное самосознание просто не в состоянии понять подобных вопросов , не то что ответить на них .	подобных вопросов , не то что ответить на них .	['Мы оказались бы в большом заблуждении, если\nбы стали ожидать от самосознания основательных и\nглубоких разъяснений насчет причинности вообще и\nмотивации в частности, а также насчет\nнеобходимости, с какой, может быть, проявляется та\nи другая.', 'Ведь самосознание это, как оно присуще\nвсем людям, есть нечто слишком простое и\nограниченное, чтобы оно могло подавать свой голос\nпри рассмотрении такого рода понятий: эти понятия\nпочерпнуты скорее из чистого рассудка,\nнаправленного вовне, и могут быть представлены на\nсуд только рефлектирующего разума.']	понять	negation	True		philosophy
13	А между тем только сознание , лежащее в основе приведенного рассуждения , и заставляет этого непредубежденного человека , т.е.чуждого философии ( который , однако , при этом может быть великим ученым в других областях ) , считать свободу воли за нечто вполне непосредственно достоверное , так что он признает ее несомненной истиной и , собственно , совсем не в состоянии думать , будто философы серьезно в ней сомневаются , & # 151 ; он полагает в сердце своем , что весь разговор о ней простое состязание в школьной диалектике и , в сущности , только шутка .	, будто философы серьезно в ней сомневаются , & # 151 ; он полагает в сердце своем , что весь разговор о ней простое состязание в школьной диалектике и , в сущности , только шутка .	['Показание это, конечно,\nвполне верно и справедливо: только волевой акт уже\nим предполагается, а именно оно принимает, что воля\nуже решилась, так что, значит, отсюда ничего нельзя\nизвлечь по вопросу ее собственной свободы.', 'Ибо\nздесь совсем не утверждается о зависимости либо\nнезависимости совершения самого волевого акта, а\nлишь о следствиях этого акта, коль скоро он\nнаступил, или, точнее говоря, об его непременном\nпроявлении в виде телесного действия.']	думать	negation	False		philosophy
14	Хотя поступки его зависят исключительно от его воли , но теперь желательно знать , от чего же зависит самая его воля : не связана она никакой зависимостью или связана чем-нибудь ?	, от чего же зависит самая его воля : не связана она никакой зависимостью или связана чем-нибудь ?	['А между тем\nтолько сознание, лежащее в основе приведенного\nрассуждения, и заставляет этого непредубежденного\nчеловека, т.е.чуждого философии\n(который, однако, при этом может быть великим\nученым в других областях), считать свободу воли за\nнечто вполне непосредственно достоверное, так что\nон признает ее несомненной истиной и, собственно,\nсовсем не в состоянии думать, будто философы\nсерьезно в ней сомневаются, &#151; он полагает в\nсердце своем, что весь разговор о ней простое\nсостязание в школьной диалектике и, в сущности,\nтолько шутка.', 'Но именно благодаря тому, что\nдаваемая этим сознанием и бесспорно имеющая большое\nзначение уверенность до такой степени всегда у нас\nпод руками, и благодаря еще тому, что человек, как\nсущество прежде всего и главным образом\nпрактическое, а не теоретическое, гораздо яснее\nсознает активную сторону своих волевых актов,\nт.е.их действие, нежели пассивную,\nт.е.их зависимость, &#151;\nоказывается трудным растолковать профану в\nфилософии подлинный смысл нашей проблемы и довести\nдо его понимания, что вопрос идет теперь не о\nследствиях, а об основаниях каждого\nего хотения.']	знать	modals	True		philosophy
15	Вот почему спрашивать его , мог ли бы он хотеть и иначе , нежели он хочет , значит спрашивать , не мог ли бы он также и быть другим , чем он есть , & # 151 ; а этого он не знает .	.	['При этом,\nоднако, неуверенность и колебания в его объяснениях\nдостаточно показывают, что его непосредственное\nсамосознание безмолвствует перед правильно понятым\nвопросом, тогда как раньше, при ошибочном понимании\nпоследнего, оно тотчас давало готовый ответ. Факт\nэтот в конечном итоге объясняется тем, что воля\nчеловека есть его подлинное &#171;я&#187;, истинное\nядро его существа: она составляет поэтому основу\nего сознания, как нечто абсолютно данное и сущее,\nдальше чего он идти не может.', 'Ибо он сам есть, как\nон хочет, а хочет, как он есть.']	знает	negation	True	pres	philosophy
16	Поставленный вопрос предложен , стало быть , на решение некомпетентного суда , & # 151 ; его даже совсем нельзя , в его истинном смысле , предъявлять на это суд , ибо последний его не понимает .	.	['Но\nвсе, что мы извлекаем из этого внутреннего\nвосприятия воли, сводится, по вышесказанному, к\nхотению и нехотению вместе с пресловутой\nуверенностью: &#171;Что я хочу, то я могу\nделать&#187;, &#151;\nуверенностью, которая, собственно, означает:\n&#171;Я вижу, что всякий акт моей воли тотчас\n(совершенно непостижимым для меня образом)\nвыражается как действие моего тела, что, в\nсущности, для познающего субъекта есть положение\nэмпирическое.', 'Больше этого здесь ничего нельзя\nнайти.']	понимает	negation	True	pres	philosophy
17	Эта относительная свобода , конечно , и есть в qsymnqrh то , что образованные , но не глубоко думающие люди разумеют под свободой воли , которая якобы составляет явное превосходство человека над животным .	люди разумеют под свободой воли , которая якобы составляет явное превосходство человека над животным .	['Человек, благодаря\nсвоей мыслительной способности, подмечая всякие\nмотивы, действующие на его волю, может представлять\nсебе эти мотивы в любом порядке, попеременно и\nповторно: он преподносит их своей воле, что и\nназывается &#171;обдумывать&#187;; он\nспособен к взвешиванию, и в силу этой способности\nдля него открыт гораздо больший выбор,\nнежели какой возможен для животного.', 'Это делает\nего, конечно, относительно свободным, именно\nсвободным от непосредственного принуждения\nнаглядных, наличных, мотивирующих его волю\nобъектов, принуждения, какому безусловно подчинено\nживотное; он, напротив, ставит свои решения\nнезависимо от наличных объектов, сообразно мыслям,\nкоторые и служат его мотивами.']	думающие	negation	False	pres	philosophy
18	Как катящийся шар приводит в движение покоящийся , с такой же необходимостью должна разряжаться и лейденская банка при прикосновении к ней другой руки , & # 151 ; с такой же необходимостью должен и мышьяк убивать все живое , а зерно , которое в сухом виде сохранялось тысячелетия , не обнаруживая никакого изменения , перенесенное в надлежащую почву , подвергнутое влиянию воздуха , света , теплоты , влажности , должно прорасти , вырасти и развиться в растение .	никакого изменения , перенесенное в надлежащую почву , подвергнутое влиянию воздуха , света , теплоты , влажности , должно прорасти , вырасти и развиться в растение .	['Но, быть может, при этой все более и более\nсказывающейся разнородности, несоизмеримости и\nнепонятности отношения между причиной и действием\nстрадает также и создаваемая этим отношением\nнеобходимость?', 'Нисколько, ничуть.']	обнаруживая	negation	True	pres	philosophy
19	Поэтому-то знание одного только мотива недостаточно , чтобы предсказать поступок , а для этого надо еще точно знать также и характер человека .	также и характер человека .	['Но здесь\nсказывается такая значительная разница в степени,\nтакое разнообразие во взаимной комбинации и\nмодификации свойств, что моральную разницу\nхарактеров можно признать равной разнице в\nинтеллектуальных способностях, которая очень\nзначительна, а обе эти разницы несравненно\nбольшими, нежели физическая разница между великаном\nи карликом, Аполлоном и Терситом.', 'Вот почему\nдействие одного и того же мотива на разных людей\nбывает совершенно различное, подобно тому как\nсолнечный свет делает воск белым, а хлористое\nсеребро черным, или теплота размягчает воск, но\nуплотняет глину.']	знать	modals	True		philosophy
20	Вот почему в конце концов никто не может знать , как поступит кто-нибудь иной , а также и он сам в каком-либо определенном положении ; сначала надо побывать в нем , и лишь после выдержанного испытания бываем мы уверены в других , и только тогда также мы полагаемся на самих себя .	, как поступит кто-нибудь иной , а также и он сам в каком-либо определенном положении ; сначала надо побывать в нем , и лишь после выдержанного испытания бываем мы уверены в других , и только тогда также мы полагаемся на самих себя .	['Вот почему также, когда нам\nпредоставляется трудный выбор, наше собственное\nрешение, как и чужое, до тех пор остается для нас\nсамих тайной, пока этот выбор не сделан: нам\nкажется, что он падет то на ту, то на эту сторону,\nпо мере того как воля ближе знакомится через\nпосредство познания с тем либо иным мотивом и\nиспытает на себе его силу, причем и выступает на\nсцену пресловутое &#171;я могу делать то, что я\nхочу&#187;, создавая кажущуюся свободу воли.', 'Наконец, более сильный мотив захватывает власть над\nволей, и выбор часто оказывается иным, чем мы\nполагали вначале.']	знать	modals	True		philosophy
21	Пока мы их не могли понять , они не существовали для нашей воли .	, они не существовали для нашей воли .	['А познание способно к\nмногоразличнейшему расширению, к постоянному\nисправлению в безграничной степени; в этом\nнаправлении действует всякое воспитание.', 'Развитие\nразума с помощью всякого рода знаний и уразумений\nимеет то важное для морали значение, что открывает\nдоступ мотивам, которые иначе не могли бы оказать\nна нас своего действия.']	понять	negation	True		philosophy
22	Точно так же Бейль , с такой подробностью разбирающий дело , должен был знать & # 151 ; это , впрочем , и до сих пор , по-видимому , осталось незамеченным , & # 151 ; что пример этот , ставший до некоторой степени символом или типом защищаемой мною здесь великой истины , гораздо старше , чем Буридан .	& # 151 ; это , впрочем , и до сих пор , по-видимому , осталось незамеченным , & # 151 ; что пример этот , ставший до некоторой степени символом или типом защищаемой мною здесь великой истины , гораздо старше , чем Буридан .	['У меня у самого есть, очевидно,\nеще в пятнадцатом столетии напечатанное издание его\n&#171;Sophismata&#187; без указания города, года и\nбез нумерации страниц: я часто и напрасно\nразыскивал это место, хотя здесь почти на каждой\nстранице попадаются ослы в качестве примеров.', 'Бейль, статья которого &#171;Буридан&#187;\nслужит основою всего с тех пор об этом написанного,\nсовсем неверно говорит, будто известен лишь один\nсофизм Буридана: я обладаю целым томом его\nсофизмов.']	знать	modals	True		philosophy
23	Если Он их не желает , а они совершаются , значит , его надо назвать непровидящим , или немогущественным , или жестоким будучи господином своего желания , он или не знает об их совершении , или не может либо не хочет их предотвратить & # 133 ; Философы говорят если бы Бог не желал , чтобы на свете процветали прегрешения и безбожные деяния , то Он , без сомнения , одним мановением удалил бы и изгнал за пределы мира все мерзости , & # 151 ; ибо кто из нас может противиться божественной воле ?	об их совершении , или не может либо не хочет их предотвратить & # 133 ; Философы говорят если бы Бог не желал , чтобы на свете процветали прегрешения и безбожные деяния , то Он , без сомнения , одним мановением удалил бы и изгнал за пределы мира все мерзости , & # 151 ; ибо кто из нас может противиться божественной воле ?	['&#151; Ред.   \n** &#171;Если Бог желает грехов, то, стало быть,\nОн их совершает, ибо написано.', '&#171;Он сделал все,\nчто ни захотел&#187;.']	знает	negation	True	pres	philosophy
24	& # 151 ; Ред . Среди философов в более узком смысле слова Юм , если не ошибаюсь , был первый , который не захотел обойти молчанием впервые Августином выдвинутое затруднение и , не думая , однако , об Августине или Лютере , а тем более о Ванини , без обиняков излагает его в своем & # 171 ; Essay on liberty and necessity & # 187 ; * , где в конце говорится : & # 171 ; The ultimate author of all our volitions is the creator of the world , who first bestowed motion on this immense machine , and plased all beings in that particular position , whence every subsequent event , by an unevitable necessity , must result .	, однако , об Августине или Лютере , а тем более о Ванини , без обиняков излагает его в своем & # 171 ; Essay on liberty and necessity & # 187 ; * , где в конце говорится : & # 171 ; The ultimate author of all our volitions is the creator of the world , who first bestowed motion on this immense machine , and plased all beings in that particular position , whence every subsequent event , by an unevitable necessity , must result .	['*** &#171;Орудие движется так, как его\nнаправляет хозяин; но воля наша в своих действиях\nпредставляется как орудие, Бог же как главный\nдеятель, если, следовательно, она действует плохо,\nто виновен в этом Бог&#133; Воля наша не только в\nсвоих действиях, но и в своем существе зависит от\nБога, поэтому нет ничего, что можно было бы\nпоистине поставить ей в вину, ни со стороны ее\nсущности, ни со стороны ее действия, но все надо\nвменить в вину Богу, который сотворил волю такою и\nтак ею движет&#133; Так как сущность и движения\nволи зависят от Бога, то Ему же надо приписать и\nдобрые и злые деяния воли, если она выступает как\nЕго орудие&#187; (лат.).', '&#151;\nРед.   \n**** как если бы он хорошо сделал свое дело\n(шт.).']	думая	negation	False	pres	philosophy
25	Такова же та человеческая свобода , обладанием которой все хвалятся и которая состоит только в том , что люди сознают свое желание , но не знают & # 132 ; причины , коими они детерминируются & # 133 ; Этими замечаниями я , если не ошибаюсь , достаточно разъяснил мое мнение о свободной и вынужденной необходимости и о мнимой человеческой свободе & # 187 ; 52 ( лат . ) .	& # 132 ; причины , коими они детерминируются & # 133 ; Этими замечаниями я , если не ошибаюсь , достаточно разъяснил мое мнение о свободной и вынужденной необходимости и о мнимой человеческой свободе & # 187 ; 52 ( лат . ) .	['Далее, представьте себе,\nпожалуйста, что камень, продолжая свое движение,\nмыслит и сознает, что он изо всех сил стремится не\nпрекращать этого движения.', 'Этот камень, так как он\nосознает только свое собственное стремление и так\njj он отнюдь не индифферентен, будет думать, что\nон в высшей степени свободен и продолжает движение\nне по какой иной причине, кроме той, что он этого\nжелает.']	знают	negation	True	pres	philosophy
26	Он в такой же мере заслуживает этого названия , как что- нибудь в природе может быть названо причиною чего- нибудь другого & # 187 ; ; с . 84 : & # 171 ; Никогда не будет в нашей власти выбрать две разные вещи , раз все предшествующие обстоятельства вполне одинаковы & # 187 ; ; с . 90 : & # 171 ; Правда , человек , упрекая себя за какое-либо определенное действие в своем прошлом поведении , может воображать , будто , попав опять в то же самое положение , он поступил бы по-другому .	, будто , попав опять в то же самое положение , он поступил бы по-другому .	['Ибо, если исключить\nвсе, что подходит под название мотива, на\nделе не останется решительно ничего, что вело бы к\nопределению.', 'Какими бы словами мы ни\nпользовались, нам так же трудно составить себе\nпонятие, каким образом мы можем иногда\nопределяться мотивами, а иногда без всякого мотива,\nкак трудно представить себе, чтобы весы иногда\nопускались под влиянием гирь, иногда же &#151; под\nвлиянием какой-то субстанции, совсем не имеющей\nвеса, которая, чем бы она ни была сама по себе, по\nотношению к весам будет ничем&#187;; с. 66:\n&#171;На истинно философском языке мотив надлежало\nбы назвать подлинной причиною действия.']	воображать	modals	False		philosophy
27	Невежда , думающий так , никогда раньше так не думал , но в конце концов вынужден был сдаться & # 187 ; 58 ( фр . ) .	, но в конце концов вынужден был сдаться & # 187 ; 58 ( фр . ) .	['Как и сам д-р \nГартли55,\nя лишь с большой неохотой отказался от своей\nсвободы: в одной продолжительной переписке, которую\nя некогда вел по этому вопросу, я очень ревностно\nзащищал учение о свободе и совсем не сдавался на\nдоводы, какие тогда против меня\nвыставлялись&#187;.', '** &#171;Архимед одинаковым образом вынужден\nоставаться в своей комнате, когда ею там запирают и\nкогда он так сильно занят какой-то проблемой, что\nему в голову не приходит идея выйти:   \nПокорных рок ведет, влечет\nстроптивого57.']	думал	negation	False	past	philosophy
28	Эта высокая уверенность возникает просто оттого , что простаки совсем не знают , что такое представляет собою и означает свобода воли : в своей невинности они понимают под ней не что иное , как анализированную нами выше , во втором отделе , власть воли над членами тела , в которой ведь , конечно , никогда не сомневался никакой разумный человек и выражением для которой именно и служит пресловутое & # 171 ; я могу делать то , что я хочу & # 187 ; .	что простаки совсем не знают , что такое представляет собою и означает свобода воли : в своей невинности они понимают под ней не что иное , как анализированную нами выше , во втором отделе , власть воли над членами тела , в которой ведь , конечно , никогда не сомневался никакой разумный человек и выражением для которой именно и служит пресловутое & # 171 ; я могу делать то , что я хочу & # 187 ; .	['Не иначе обстоит дело с некоторыми из\nновейших немецких писак по философии: liberum\narbitrium indifferentiae, под именем\n&#171;нравственной свободы&#187;, является у них\nделом решенным, как будто все вышеуказанные великие\nлюди никогда и не были на свете.', 'Они объявляют\nсвободу воли данной в непосредственном\nсамосознании; это утверждает ее на столь\nнепоколебимом основании, что все аргументы против\nнее не могут де быть не чем иным, кроме как\nсофизмом.']	знают	negation	True	pres	philosophy
29	Напротив , всякая добытая и установленная истина & # 151 ; это завоеванный участок в области проблем знания вообще и прочный опорный пункт для приложения рычагов , которые приведут в движение другие тяжести : мы можем даже в благоприятных случаях разом вознестись с этого пункта до более высокого взгляда на целое , чем мы имели до сих пор . Ибо во всяком отделе знания сцепление истин настолько велико , что кто вполне надежно овладел только одной из них , тот во всяком случае может надеяться покорить с ее помощью всю область .	покорить с ее помощью всю область .	['* от невозможности к недействительности\n(лат.).', '&#151; Ред.   \n\nВсе наши метафизические сведения все-таки,\nконечно, еще, как небо от земли, далеки от такой\nдостоверности, чтобы надлежало отвергать какую-либо\nосновательно доказанную истину по той причине, что\nее выводы с ними не согласуются.']	надеяться	modals	False		philosophy
30	Вот на чем , а не на воображаемом libero arbitrio indifferentiae основывается сознание ответственности и моральная тенденция жизни .	libero arbitrio indifferentiae основывается сознание ответственности и моральная тенденция жизни .	['Коренной ошибкой, hysteron\nproteron* всех времен было приписывать\nнеобходимость &#171;esse&#187;, а свободу &#151;\n&#171;operari&#187;.', 'Наоборот, только в\n&#171;esse&#187; содержится свобода, но из\nэтого &#171;esse&#187; и мотивов\n&#171;operari&#187; получается с необходимостью, и\nпо тому, что мы делаем, мы познаем, что мы\nтакое.']	воображаемом	negation	False	pres	philosophy
31	В общем , следовательно , совершенными при отсутствии интеллектуальной свободы надо считать все те преступления , при которых человек или не знал , что он делал , или , по крайней мере , не был способен принять в расчет то , что должно было бы удержать его от данного действия , именно & # 151 ; его последствия .	что он делал , или , по крайней мере , не был способен принять в расчет то , что должно было бы удержать его от данного действия , именно & # 151 ; его последствия .	['Об этой интеллектуальной свободе, to ecoysion\ncai acoysion cata dianoian**, говорит уже, хотя\nочень кратко и недостаточно, Аристотель в\n&#171;Ethica Eudemia&#187;, II, гл. 7и 9, и\nнесколько подробнее в &#171;Ethica ad\nNicomachum&#187;, III, гл. 2.', 'Она же имеется в\nвиду, когда medicina forensis*** и уголовная\nюстиция спрашивают, находился ли преступник в\nсостоянии свободы и, следовательно,\nвменяемости.']	знал	negation	True	past	philosophy
32	В переводе : Так как первоначальная идея моральности , или основное понятие о верховном моральном законе , выступает со своей особой , но притом отнюдь не логической необходимостью , как в той науке , которая имеет своею целью разъяснить познание нравственного , гак и в действительной жизни , где она обнаруживается частью в суде совести над нашими собственными поступками , частью в нашей моральной оценке поступков других лиц ; так как , далее , с такой же необходимостью и в таком же объеме дают себя знать и многие неотделимые от этой идеи и в ней берущие свое начало основные моральные понятия , как , например , понятие долга и понятие вменения ; и так как все же при том направлении , какому следует современное философское мышление , кажется весьма важным подвергнуть этот вопрос новому исследованию , то Академия желает , чтобы тщательно была обсуждена и разработана следующая тема : Надлежит ли искать источник и основу морали в идее моральности , данной непосредственно в сознании ( или совести ) , и в анализе остальных возникающих из нее основных моральных понятий или же в каком-то ином познавательном принципе ?	и многие неотделимые от этой идеи и в ней берущие свое начало основные моральные понятия , как , например , понятие долга и понятие вменения ; и так как все же при том направлении , какому следует современное философское мышление , кажется весьма важным подвергнуть этот вопрос новому исследованию , то Академия желает , чтобы тщательно была обсуждена и разработана следующая тема : Надлежит ли искать источник и основу морали в идее моральности , данной непосредственно в сознании ( или совести ) , и в анализе остальных возникающих из нее основных моральных понятий или же в каком-то ином познавательном принципе	"['Воля в природе<a\nhref=""#b001"" name=""t001"">001.', ""Предложенная Королевской Академией тема,с\nпредпосланным ей введением, гласит:\n\n   Quum primitiva moralitatis idea, sive de summa\nlege morali principalis notio, sua quadam propria\neaque minime logicae necessitate, turn in ea\ndisciplina appareat, cui propositum est cognitionem\n&#171;toy ethicoy&#187; explicare, turn in vita\npartim in consci-entiae judicio de nostris\nactionibus, partim in censura morali de actionibus\naliorum hominum; quumque complures, quae ab ilia idea\ninseperabiles sunt eamque tanquam originem respiciunt\nnotiones principales ad &#171;to ethicon&#187;\nspectantes, velut officii notio et imputationis,\neadem necessitate eodemque ambitu vim suam exserant\n&#151; et tamen inter eos cursus viasque, quas\nnostrae aetatis meditatio philosophica persequitur,\nmagni momenti esse videatur hoc argumentum ad\ndisputationem revocare &#151; cupit Societas, ut\naccurate haec quaestio perpendatur, et\npertractetur:   \nPhilosophiae moralis fans et fundamentum\nutrum in idea moralitatis, quae immediate\ncontineatur et ceteris notionibus fundamentalibus,\nquae ex ilia prqdeant, explicandis quaerenda sunt\nan in alio cognos'cendi principio?""]"	знать	question	True		philosophy
33	Вообще в христианские века философская этика бессознательно заимствовала свою форму от теологической ; а так как последняя по существу своему повелительна , то и философская выступила в форме предписания и учения об обязанностях , не подозревая в своей невинности , что на это еще нужно получить право где-либо в другом месте , напротив , она воображала , что это и есть ее подлинный и естественный вид .	в своей невинности , что на это еще нужно получить право где-либо в другом месте , напротив , она воображала , что это и есть ее подлинный и естественный вид .	['Понятие это вместе с родственными ему, \nт.е.понятиями закона, заповеди, долженствования \nит.п., взятое в таком безусловном смысле, обязано \nсвоим происхождением теологической морали и до тех пор остается \nчуждым для этики философской, пока не представит законного \nудостоверения, основанного на сущности человеческой природы \nлибо объективного мира.', 'Дотоле я не признаю за ним и его \nродственниками иного происхождения, кроме скрижалей.']	подозревая	negation	False	pres	philosophy
34	Замечание & # 171 ; docendo disco & # 187 ; * * * не всегда оправдывается , напротив , иной раз его можно пародировать таким образом : & # 171 ; Semper docendo nihil disco & # 187 ; * * * * , и даже не вполне лишены основания слова , вложенные Дидро в уста племянника Рамо : & # 171 ; И вы в самом деле думаете , что эти учителя понимают науки , обучением которых они занимаются ?	, что эти учителя понимают науки , обучением которых они занимаются	['Тем не менее можно удивляться, \nчто такое коренное заблуждение пользуется непререкаемым \nгосподством среди кантианцев; впрочем, и то сказать, сочиняя \nбесчисленные трактаты о кантовской философии, они ведь не \nподметили того искажения, какое претерпела &#171;Критика \nчистого разума&#187; во втором издании и вследствие которого она \nпревратилась в лишенную целости, противоречащую самой себе \nкнигу, что обнаружилось в настоящее время и, как мне кажется, \nвполне правильно разъяснено в розенкранцевском предисловии ко \nвторому тому полного собрания сочинений Кента.', 'Надо принять в \nрасчет, что многие ученые, непрестанно уча с кафедры и в книгах, \nимеют мало времени для того, чтобы основательно учиться.']	думаете	question	False	pres	philosophy
35	Замечание & # 171 ; docendo disco & # 187 ; * * * не всегда оправдывается , напротив , иной раз его можно пародировать таким образом : & # 171 ; Semper docendo nihil disco & # 187 ; * * * * , и даже не вполне лишены основания слова , вложенные Дидро в уста племянника Рамо : & # 171 ; И вы в самом деле думаете , что эти учителя понимают науки , обучением которых они занимаются ?	науки , обучением которых они занимаются	['Тем не менее можно удивляться, \nчто такое коренное заблуждение пользуется непререкаемым \nгосподством среди кантианцев; впрочем, и то сказать, сочиняя \nбесчисленные трактаты о кантовской философии, они ведь не \nподметили того искажения, какое претерпела &#171;Критика \nчистого разума&#187; во втором издании и вследствие которого она \nпревратилась в лишенную целости, противоречащую самой себе \nкнигу, что обнаружилось в настоящее время и, как мне кажется, \nвполне правильно разъяснено в розенкранцевском предисловии ко \nвторому тому полного собрания сочинений Кента.', 'Надо принять в \nрасчет, что многие ученые, непрестанно уча с кафедры и в книгах, \nимеют мало времени для того, чтобы основательно учиться.']	понимают	question	True	pres	philosophy
36	И Лихтенберг говорит : & # 171 ; Я уже неоднократно замечал , что специалисты часто не знают самого главного & # 187 ; < a href= '' # b060 '' name= '' t060 '' > 060 .	самого главного & # 187 ; < a href= '' # b060 '' name= '' t060 '' > 060 .	"['Если бы они обладали \nзнаниями в достаточной мере, чтобы обучать им, они бы им не \nобучали&#187;.', '&#151; &#171;Почему же?&#187; &#151; \n&#171;Они посвятили бы свою жизнь на их изучение&#187; (по \nпереводу Гёте, с. 104)<a href=""#b059"" \nname=""t059"">059.']"	знают	negation	True	pres	philosophy
37	Как понимать это странное выражение ?	это странное выражение	"['Именно: в &#171;Критике практического разума&#187;, \nгде он, как сказано, вообще обнаруживает уже меньше строгости и \nметодичности, а к тому же стал смелее благодаря своей уже \nдостигнутой славе, фундамент этики постепенно все более меняет \nсвой характер, готов забыть, что представляет собою простую ткань \nабстрактных сочетаний понятий, и, по-видимому, желает стать \nболее вещественным.', 'Так, например, там на с. 81 (R., с. 163)<a \nhref=""#b070"" name=""t070"">070\n &#171;моральный закон дан будто бы как факт чистого \nразума&#187;.']"	понимать	question	True		philosophy
38	В самом деле : так как здесь оспаривание теоретического утверждения легко могло быть смешано с моральной порочностью , то всякий , даже если он в своем собственном сознании не особенно был осведомлен относительно категорического императива , все-таки предпочитал совсем об этом не высказываться , думая про себя , что у других императив этот , конечно , имеет более сильное развитие и выступает яснее .	про себя , что у других императив этот , конечно , имеет более сильное развитие и выступает яснее .	['Всякий понимает, насколько \nнесомненной должна быть истинность такого учения, которое \nстараются навязать с помощью подобных приемов.', 'Между тем \nименно почтением, какое они внушали, приходится объяснить ту \nпоистине детскую доверчивость, с какой кантианцы принимали \nкатегорический императив и продолжали и впредь относиться к \nнему как к чему-то бесспорно установленному.']	думая	negation	False	pres	philosophy
39	Хор составляли всякого рода профессора философии , с серьезной миной повествовавшие перед своей публикой о бесконечном , об абсолютном и многих иных вещах , о которых они совершенно ничего не могли знать .	.	['Ибо характер добросовестности, \nобщего с читателем искания, какой присущ сочинениям всех \nпрежних философов, здесь исчезает: философских дел мастер этой \nэпохи желает не наставить, а одурачить своего читателя, о чем \nсвидетельствует каждая страница.', 'В качестве героев этого периода \nблещут Фихте и Шеллинг, а наконец, даже и их \nсовершенно недостойный и гораздо ниже этих талантливых господ \nстоящий, неуклюжий, бездарный шарлатан Гегель.']	знать	negation	True		philosophy
40	`` * & # 151 ; был бы ответ . Эти места достаточно выясняют , в каком смысле надо понимать & # 171 ; возможность желать & # 187 ; в кантовском моральном принципе .	& # 171 ; возможность желать & # 187 ; в кантовском моральном принципе .	"['С. 55 (R., с. 49): &#171;&#133; всеобщность закона, \nгласящего, что каждый, считая себя нуждающимся, может обещать, \nчто ему придет в голову,: намерением не сдержать обещания, \nсделала бы просто невозможными и это обещание, и цель, которой \nхотят с помощью его достигнуть, так как никто не стал бы \nверить&#133;&#187;<a href=""#b088"" \nname=""t088"">088\n На с. 56по отношению к принципу бессердечия \nговорится: &#171;&#133; воля, которая пришла бы к такому \nзаключению, противоречила бы самой себе, так как все же иногда \nмогут быть случаи, когда человек нуждается в любви \nи участии других, между тем как подобным законом природы, \nвозникшим из его собственной воли, он отнял бы у самого себя \nвсякую надежду на помощь, которой он себе \nжелает&#171;089\n.', 'Точно так же в &#171;Критике практического \nразума&#187;, ч. I, кн. I, гл. 2, с. 123 (R., с. 192): &#171;&#133; если \nбы каждый считал себя вправе&#133; с полным \nравнодушием смотреть на несчастье другого, и если бы ты \nпринадлежал к такому порядку вещей, то поступал бы ты так в \nсогласии со своей волей?&#187;<a href=""#b090"" \nname=""t090"">090\n &#171;Quam temere in nosmet legem sancimus iniquam!']"	понимать	modals	True		philosophy
41	С другой стороны , в подобном случае при нашем вопросе : & # 171 ; Что мне делать ? & # 187 ; & # 151 ; у вопрошаемого часто не явится никакой иной мысли , кроме как о том , что надлежало бы нам делать соответственно его целям ; это он тогда и ответит сразу и как бы механически , даже и не подумав о наших целях , так как ответ непосредственно диктуется его волей , еще прежде чем вопрос мог предстать на решение его действительного суждения .	о наших целях , так как ответ непосредственно диктуется его волей , еще прежде чем вопрос мог предстать на решение его действительного суждения .	['То, что мы \nпредполагаем этот образ мыслей у других, сказывается во многом, \nнапример в том, что когда мы ищем у кого-нибудь сведений или \nсовета, то мы теряем всякое доверие к его указаниям, коль скоро \nоткроем, что он может быть сколько-нибудь, хотя бы лишь немного \nи отдаленно, заинтересован в данном деле.', 'Ибо мы тогда \nтотчас начинаем предполагать, что он сделает нас средством для \nсвоих целей и потому даст свой совет не по своему разумению, \nа по своему умыслу, даже если первое будет сколь \nугодно велико, а последний сколь угодно мал. Ведь нам прекрасно \nизвестно, что кубический сантиметр умысла значит более, нежели \nкубический метр разумения.']	подумав	negation	False	past	philosophy
42	) ; с . 377 : & # 171 ; Я могу и вправе заботиться о себе самом лишь потому поскольку я орудие нравственного закона & # 187 ; ; с . 388 : & # 171 ; Защищать преследуемого опасностью для собственной жизни , это & # 151 ; абсолютная обязанность : коль скоро человеческая жизнь в опасности , вы не вправе более думать о своей собственной безопасности & # 187 ; ; с . 420 : & # 171 ; Нет иного взгляда на моего ближнего в области нравственного закона , кроме того , что он орудие разума & # 187 ; .	о своей собственной безопасности & # 187 ; ; с . 420 : & # 171 ; Нет иного взгляда на моего ближнего в области нравственного закона , кроме того , что он орудие разума & # 187 ; .	['с. 371); р. \n376.', '&#171;Всякое человеческое тело &#151; орудие для служения \nразумной цели; поэтому моею целью должна быть возможно \nбольшая пригодность всякого орудия для этого; я должен, \nследовательно, заботиться о каждом&#187; (так выводит он \nчеловеколюбие!']	думать	negation	False		philosophy
43	& # 151 ; Ред . Мы впали бы в большую и свойственную юному возрасту ошибку , если бы стали думать , что все справедливые и согласные с законом поступки человека имеют моральное происхождение .	что все справедливые и согласные с законом поступки человека имеют моральное происхождение .	['Оно заслуживает поэтому тщательного разбора, хотя было бы \nпроще отделаться от него инквизиторским взглядом в сторону \nсовести тех, у кого могла явиться подобная мысль.', '* &#171;&#133; Нет ни блага, ни зла по природе,   \nно суд об этом выносит человеческий ум&#187;, по словам \nТимона128\n (греч.).']	думать	condition	False		philosophy
44	Но естественное право не знает никакой иной собственности , кроме приобретенной личным трудом , посягательство на которую есть вместе с тем посягательство на вложенные в нее силы владельца , таким образом у него похищаемые .	никакой иной собственности , кроме приобретенной личным трудом , посягательство на которую есть вместе с тем посягательство на вложенные в нее силы владельца , таким образом у него похищаемые .	['Ибо чисто \nэтические мотивы к честности, предполагая, что они существуют, \nмогут найти себе применение в отношении к гражданской \nсобственности по большей части лишь очень окольным путем.', 'Именно: прежде всего и непосредственно они могут относиться \nтолько к естественному праву; к положительному же \n&#151; лишь косвенно, насколько именно оно основано на \nестественном.']	знает	negation	True	pres	philosophy
45	Кому она , как не содержащая никакой априорной конструкции , никакого абсолютного законодательства для всех разумных существ in abstracto , кажется недостаточно важной , кафедральной и академичной , тот пусть вернется к категорическим императивам , к шибболету & # 171 ; человеческое достоинство & # 187 ; & # 151 ; к пустым фразам , фантомам и мыльным пузырям школ , к принципам , над которыми на каждом шагу издевается опыт и о которых вне аудиторий ни один человек ничего не знает , никогда их в себе не чувствуя .	, никогда их в себе не чувствуя .	['Импульс этот, вместе с \nвосприимчивостью к нему, будет последней основою моральности, \nа знание его &#151; фундаментом морали.', 'Вот скромная задача, \nкоторую я указываю для этики.']	знает	negation	True	pres	philosophy
46	Кому она , как не содержащая никакой априорной конструкции , никакого абсолютного законодательства для всех разумных существ in abstracto , кажется недостаточно важной , кафедральной и академичной , тот пусть вернется к категорическим императивам , к шибболету & # 171 ; человеческое достоинство & # 187 ; & # 151 ; к пустым фразам , фантомам и мыльным пузырям школ , к принципам , над которыми на каждом шагу издевается опыт и о которых вне аудиторий ни один человек ничего не знает , никогда их в себе не чувствуя .	.	['Импульс этот, вместе с \nвосприимчивостью к нему, будет последней основою моральности, \nа знание его &#151; фундаментом морали.', 'Вот скромная задача, \nкоторую я указываю для этики.']	чувствуя	negation	False	pres	philosophy
47	И что Арнольд Винкельрид < a href= '' # b138 '' name= '' t138 '' > 138 , воскликнув : & # 171 ; Верные , дорогие союзники , озаботьтесь о моей вдове и ребенке & # 187 ; , а затем обняв столько вражеских копий , сколько мог захватить , имел при этом своекорысгную цель , & # 151 ; это пусть думает , кто может ; я же этого не в состоянии думать .	.	['Но такие люди есть.', 'Равным бразом со мною, думаю я, согласятся, \nчто иные помогают и дают, оказывают услуги и отказываются от \nсвоего, не имея в душе своей никакого иного умысла, кроме того, \nчтобы была оказана помощь другому, видимо в ней нуждающемуся.']	думать	negation	False		philosophy
48	Мы страдаем с ним , стало быть , в нем ; мы чувствуем его боль именно как его боль и не воображаем , будто эта боль наша ; даже чем счастливее наше собственное состояние и в чем большем контрасте поэтому сознание последнего стоит с положением другого , тем мы восприимчивее к состраданию .	, будто эта боль наша ; даже чем счастливее наше собственное состояние и в чем большем контрасте поэтому сознание последнего стоит с положением другого , тем мы восприимчивее к состраданию .	['&#151; \nРед.   \n\nВследствие данного выше представления о сострадании как о \nнепосредственной мотивации страданием другого я должен также \nотнестись отрицательно к часто повторявшемуся потом \nзаблуждению Кассины (&#171;Saggio analitico sulla \ncompassione&#187;, 1788; немецкий перевод Поккельса, \n1790)141\n, который полагает, будто сострадание возникает благодаря \nмгновенному обману фантазии, так как де мы переносим себя самих \nна место страдающего и таким образом в воображении делаем \nсвою личность носительницей его боли.', 'Это вовсе не \nтак: в нас именно каждое мгновение сохраняется ясное сознание, \nчто страдает он, а не мы, и именно в его лице, а не в \nсвоем, чувствуем мы страдание, к нашему огорчению.']	воображаем	negation	False	pres	philosophy
49	& # 151 ; Ред . * * * * & # 171 ; Никому благомыслие не досталось сразу же , & # 151 ; у всех дух был раньше захвачен злом & # 187 ; < a href= '' # b142 '' name= '' t142 '' > 142 ( лam ) & # 151 ; Ред Эти соображения , надо надеяться , ясно показывают , что , как это ни странно с первого взгляда , во всяком случае и справедливость как подлинная , свободная добродетель имеет свое начало в сострадании .	, ясно показывают , что , как это ни странно с первого взгляда , во всяком случае и справедливость как подлинная , свободная добродетель имеет свое начало в сострадании .	['&#151; Ред.    \n** видовым отличием (лат.).', '&#151; Ред.    \n*** право первого захвата (лат.).']	надеяться	modals	False		philosophy
50	В противном случае человек , делающий добро , должен был бы думать , что он заключает какую-то молчаливую сделку .	что он заключает какую-то молчаливую сделку .	['Ее место заступает тогда \nблагодарность за то, что родители сделали больше, нежели того \nтребовала их строгая обязанность.', 'Однако каким отвратительным, \nчасто даже возмутительным пороком ни представляется \nнеблагодарность, благодарность все-таки нельзя назвать \nобязанностью, так как ее отсутствие не есть ущемление \nдругого, не есть, стало быть, несправедливость.']	думать	modals	False		philosophy
51	* & # 171 ; Помогай всем , насколько можешь & # 187 ; ( лат ) & # 151 ; Ред . * * & # 171 ; Пусть левая рука твоя не знает , что делает правая & # 187 ; < a href= '' # b158 '' name= '' t158 '' > 158 ( греч . ) .	что делает правая & # 187 ; < a href= '' # b158 '' name= '' t158 '' > 158 ( греч . ) .	"[""(&#171;No siempre el peor'es cierto&#187;; Jornada II, s."", '22***.)']"	знает	negation	True	pres	philosophy
52	Он ежедневно происходит на наших глазах в частностях , в мелочах & # 151 ; всюду , где по непосредственному побуждению , не долго думая , человек помогает и спешит на выручку другому , даже иной раз очевиднейшей опасности подвергает свою жизнь за того , кого он впервые видит , не принимая при этом в расчет ничего иного , кроме того именно , что он видит большую нужду и опасность другого .	, человек помогает и спешит на выручку другому , даже иной раз очевиднейшей опасности подвергает свою жизнь за того , кого он впервые видит , не принимая при этом в расчет ничего иного , кроме того именно , что он видит большую нужду и опасность другого .	['И тем не \nменее он совершается повседневно.', 'Всякий часто переживал его на \nсебе самом, ему не остался чужд даже человек с самым черствым \nсердцем и самый себялюбивый.']	думая	negation	False	pres	philosophy
53	Быть может , тот : как можно так мало бояться кар будущей жизни ?	кар будущей жизни	['Причина этого &#151; \nта, что жестокость &#151; прямая противоположность состраданию.', 'Когда мы получаем известие о каком-нибудь очень жестоком \nпоступке, как, например, только что сообщенное в газетах о матери, \nкоторая умертвила своею пятилетнего мальчика тем, что влила ему \nв глотку кипящее масло, а своего младшего ребенка тем, что \nзакопала его живым, или пришедшее на днях из Алжира известие о \nтом, что после случайной ссоры и борьбы между испанцем и \nалжирцем последний, как более сильный, начисто вырвал у первого \nвсю нижнюю челюсть и, оставив его в живых, унес ее как трофей, \n&#151; тогда нас охватывает ужас, и мы восклицаем: &#171;Как \nможно делать что-либо подобное?&#187; Каков смысл этого \nвопроса?']	бояться	question	False		philosophy
54	Это мы видим прежде всего в том , что , несмотря на большую разницу существующих на земле религий , степень моральности или , скорее , имморальности отнюдь не обнаруживает соответственной тому разницы , а в сущности , приблизительно всюду та же .	соответственной тому разницы , а в сущности , приблизительно всюду та же .	['Доброе дело, совершенное просто на основании \nкантовского морального принципа, было бы, в сущности, продуктом \nфилософского педантизма или же сводилось бы к самообману, так \nкак разум действующего лица представлял бы как результат \nкатегорического императива и ни на что не опирающегося понятия \nдолга такое действие, для которого были иные, быть может, более \nблагородные импульсы.', 'Но доказать решительную действенность \nрелигиозных моральных принципов, не только философских, \nрассчитанных на одну теорию, но даже и составленных всецело для \nпрактического употребления, можно лишь в редких случаях.']	обнаруживает	negation	True	pres	philosophy
55	Наоборот , если мы попытаемся сказать : & # 171 ; Это человек добродетельный , но он не знает сострадания & # 187 ; , или : & # 171 ; Это несправедливый и злой человек , однако он очень сострадателен & # 187 ; , & # 151 ; то в этих словах почувствуется противоречие .	сострадания & # 187 ; , или : & # 171 ; Это несправедливый и злой человек , однако он очень сострадателен & # 187 ; , & # 151 ; то в этих словах почувствуется противоречие .	['&#151; Ред.   \n\n4) Ибо безграничное сострадание ко всем живым существам \n&#151; это наиболее прочное и надежное ручательство за \nнравственно добропорядочное поведение, и оно не нуждается ни в \nкакой казуистике.', 'Кто им полон, тот наверняка никого не обидит, не \nнанесет никому ущерба, никому не причинит горя, напротив, со \nвсяким будет считаться, всякому прощать, всякому, насколько в его \nсилах, помогать, и все его действия будут носить печать \nсправедливости и человеколюбия.']	знает	negation	True	pres	philosophy
56	Вкусы различны , но , по мне , я не знаю более прекрасной молитвы , чем та , какой кончаются древнеиндийские пьесы ( как в прежние времена английские кончались молитвой за короля ) .	более прекрасной молитвы , чем та , какой кончаются древнеиндийские пьесы ( как в прежние времена английские кончались молитвой за короля ) .	['Кто им полон, тот наверняка никого не обидит, не \nнанесет никому ущерба, никому не причинит горя, напротив, со \nвсяким будет считаться, всякому прощать, всякому, насколько в его \nсилах, помогать, и все его действия будут носить печать \nсправедливости и человеколюбия.', 'Наоборот, если мы попытаемся \nсказать: &#171;Это человек добродетельный, но он не знает \nсострадания&#187;, или: &#171;Это несправедливый и злой \nчеловек, однако он очень сострадателен&#187;, &#151; то в этих \nсловах почувствуется противоречие.']	знаю	negation	True	pres	philosophy
57	Так как древние языки не знают подобной двойственности выражений , а откровенно отмечают ту же вещь тем же словом , то эта жалкая уловка , несомненно , есть дело европейских попов , которые в своем невежестве не считают никаких средств достаточными при отрицании и поношении вечной сущности , живущей во всех животных : этим они положили начало обычной в Европе грубости и жестокости по отношению к животным , на которую житель Верхней Азии может взирать лишь со справедливым отвращением .	подобной двойственности выражений , а откровенно отмечают ту же вещь тем же словом , то эта жалкая уловка , несомненно , есть дело европейских попов , которые в своем невежестве не считают никаких средств достаточными при отрицании и поношении вечной сущности , живущей во всех животных : этим они положили начало обычной в Европе грубости и жестокости по отношению к животным , на которую житель Верхней Азии может взирать лишь со справедливым отвращением .	['Если бы такой картезианец очутился в когтях у тигра, он самым \nясным образом понял бы, какое резкое различие тот полагает между \nсвоим &#171;я&#187; и &#171;не-я&#187;.', 'В соответствии с такой \nсофистикой философов мы находим в обыденной сфере ту \nособенность иных языков, особенно немецкого, что они для еды, \nпитья, беременности, родов, смерти и трупа животных имеют \nсовершенно особые слова, чтобы не приходилось употреблять те, \nкакими обозначаются эти акты у человека, и таким способом \nразница слов прикрывала полное тождество вещей.']	знают	negation	True	pres	philosophy
58	Помнится , я читал , что один англичанин , застреливший в Индии на охоте обезьяну , никогда не мог забыть взгляда , какой она бросила на него , умирая , и с тех пор он никогда уже не стрелял по обезьянам .	, какой она бросила на него , умирая , и с тех пор он никогда уже не стрелял по обезьянам .	['И сострадание это указывает для себя один и тот же \nисточник с добродетелью, какая должна практиковаться по \nотношению к людям.', 'Так, например, тонко чувствующие лица при \nвоспоминании о том, что они в дурном настроении, в гневе либо под \nвлиянием винных паров незаслуженно, или без нужды, или сверх \nмеры побили свою собаку, свою лошадь, свою обезьяну, \nиспытывают такое же раскаяние, такое же недовольство собою, \nкакое появляется при воспоминании о несправедливости, \nпричиненной людям, &#151; когда его называют голосом карающей \nсовести.']	забыть	negation	True		philosophy
59	В Азии религии дают животным достаточную защиту , и потому там никто не думает о подобного рода обществах .	о подобного рода обществах .	['Эта \nтонко чувствующая английская нация перед всеми прочими \nотличается выдающимся состраданием к животным, которое \nсказывается при любой возможности и имело достаточно силы, \nчтобы, вопреки принижающему ее в иных отношениях \n&#171;холодному суеверию&#187;, побудить ее к заполнению \nпутем законодательства пробела, оставленного в морали религией.', 'Ибо пробел этот и есть причина, почему в Европе и Америке \nпонадобились общества для охраны животных, которые даже и \nдействовать могут только с помощью юстиции и полиции.']	думает	negation	False	pres	philosophy
60	Его члены организуют тайный надзор , чтобы затем выступать обвинителями тех , кто мучит бессловесных , чувствующих существ , & # 151 ; и их присутствия надо бояться всюду * * * .	всюду * * * .	['К чести англичан надо поэтому \nсказать, что у них впервые закон вполне серьезно и животных \nпринял под свою защиту против жестокого обращения, и злодей \nдействительно должен расплачиваться за свое варварство по \nотношению к животным, даже если они ему принадлежат.', 'Мало \nтого, недовольное этим одним, в Лондоне существует общество, \nдобровольно образовавшееся для защиты животных &#171;Society \nfor the prevention of cruelty to animals&#187;**, которое частными \nсредствами, со значительными издержками делает очень много, \nчтобы противодействовать жестокости с животными.']	бояться	modals	False		philosophy
61	Требование это и здесь поднимает вопрос , почему существующее и понятое имеет тот , а не иной вид и каким образом изложенный характер явления вытекает из внутренней сущности вещей ?	имеет тот , а не иной вид и каким образом изложенный характер явления вытекает из внутренней сущности вещей	['Как в конце всякого \nисследования и всякой реальной науки, так и тут он стоит перед \nпервофеноменом, который, правда, объясняет все им охватываемое \nи из него следующее, но сам остается без объяснения и представляет \nзагадку.', 'И здесь, стало быть, выступает на сцену требование \nметафизики, т.е.последнего объяснения \nпервофеноменов как таковых и, если взять их во всей их \nсовокупности, мира.']	понятое	question	True	past	philosophy
62	: & # 171 ; Я уже не раз замечал , что знатоки дела часто не знают лучшего в своем деле & # 187 ; ( Лихтенберг Г.К.Афоризмы .	лучшего в своем деле & # 187 ; ( Лихтенберг Г.К.Афоризмы .	['С. 95.', '060Ср.']	знают	negation	True	pres	philosophy
